agent,opponent,K,agent_role,who_starts,seed,W,D,L,n_games
Base,Random,0,1,agent,0,176,3,21,200
Base,Random,0,1,agent,1,165,11,24,200
Base,Random,0,1,agent,2,160,4,36,200
Base,Random,0,1,agent,3,169,3,28,200
Base,Random,0,1,agent,4,155,9,36,200
Base,Random,0,2,opponent,0,28,13,159,200
Base,Random,0,2,opponent,1,27,14,159,200
Base,Random,0,2,opponent,2,27,14,159,200
Base,Random,0,2,opponent,3,34,11,155,200
Base,Random,0,2,opponent,4,31,21,148,200
Base,Random,2,1,agent,0,135,18,47,200
Base,Random,2,1,agent,1,147,16,37,200
Base,Random,2,1,agent,2,137,18,45,200
Base,Random,2,1,agent,3,146,18,36,200
Base,Random,2,1,agent,4,138,21,41,200
Base,Random,2,2,opponent,0,50,25,125,200
Base,Random,2,2,opponent,1,33,22,145,200
Base,Random,2,2,opponent,2,34,16,150,200
Base,Random,2,2,opponent,3,42,19,139,200
Base,Random,2,2,opponent,4,43,27,130,200
Base,Random,4,1,agent,0,121,23,56,200
Base,Random,4,1,agent,1,118,28,54,200
Base,Random,4,1,agent,2,130,19,51,200
Base,Random,4,1,agent,3,125,27,48,200
Base,Random,4,1,agent,4,123,26,51,200
Base,Random,4,2,opponent,0,50,26,124,200
Base,Random,4,2,opponent,1,56,20,124,200
Base,Random,4,2,opponent,2,49,28,123,200
Base,Random,4,2,opponent,3,40,33,127,200
Base,Random,4,2,opponent,4,52,22,126,200
Base,Algorithm,0,1,agent,0,0,0,200,200
Base,Algorithm,0,1,agent,1,0,0,200,200
Base,Algorithm,0,1,agent,2,0,0,200,200
Base,Algorithm,0,1,agent,3,0,0,200,200
Base,Algorithm,0,1,agent,4,0,0,200,200
Base,Algorithm,0,2,opponent,0,0,0,200,200
Base,Algorithm,0,2,opponent,1,0,0,200,200
Base,Algorithm,0,2,opponent,2,0,0,200,200
Base,Algorithm,0,2,opponent,3,0,0,200,200
Base,Algorithm,0,2,opponent,4,0,0,200,200
Base,Algorithm,2,1,agent,0,14,34,152,200
Base,Algorithm,2,1,agent,1,17,38,145,200
Base,Algorithm,2,1,agent,2,10,34,156,200
Base,Algorithm,2,1,agent,3,20,48,132,200
Base,Algorithm,2,1,agent,4,10,41,149,200
Base,Algorithm,2,2,opponent,0,3,16,181,200
Base,Algorithm,2,2,opponent,1,1,13,186,200
Base,Algorithm,2,2,opponent,2,0,18,182,200
Base,Algorithm,2,2,opponent,3,0,11,189,200
Base,Algorithm,2,2,opponent,4,1,15,184,200
Base,Algorithm,4,1,agent,0,45,45,110,200
Base,Algorithm,4,1,agent,1,49,38,113,200
Base,Algorithm,4,1,agent,2,48,42,110,200
Base,Algorithm,4,1,agent,3,55,38,107,200
Base,Algorithm,4,1,agent,4,51,36,113,200
Base,Algorithm,4,2,opponent,0,2,17,181,200
Base,Algorithm,4,2,opponent,1,1,22,177,200
Base,Algorithm,4,2,opponent,2,2,15,183,200
Base,Algorithm,4,2,opponent,3,0,19,181,200
Base,Algorithm,4,2,opponent,4,1,14,185,200
Base,Minimax,0,1,agent,0,0,0,200,200
Base,Minimax,0,1,agent,1,0,0,200,200
Base,Minimax,0,1,agent,2,0,0,200,200
Base,Minimax,0,1,agent,3,0,0,200,200
Base,Minimax,0,1,agent,4,0,0,200,200
Base,Minimax,0,2,opponent,0,0,3,197,200
Base,Minimax,0,2,opponent,1,0,6,194,200
Base,Minimax,0,2,opponent,2,0,4,196,200
Base,Minimax,0,2,opponent,3,0,2,198,200
Base,Minimax,0,2,opponent,4,0,2,198,200
Base,Minimax,2,1,agent,0,34,24,142,200
Base,Minimax,2,1,agent,1,40,29,131,200
Base,Minimax,2,1,agent,2,33,18,149,200
Base,Minimax,2,1,agent,3,36,19,145,200
Base,Minimax,2,1,agent,4,36,17,147,200
Base,Minimax,2,2,opponent,0,0,5,195,200
Base,Minimax,2,2,opponent,1,0,2,198,200
Base,Minimax,2,2,opponent,2,0,4,196,200
Base,Minimax,2,2,opponent,3,0,3,197,200
Base,Minimax,2,2,opponent,4,0,4,196,200
Base,Minimax,4,1,agent,0,56,32,112,200
Base,Minimax,4,1,agent,1,68,35,97,200
Base,Minimax,4,1,agent,2,61,31,108,200
Base,Minimax,4,1,agent,3,56,33,111,200
Base,Minimax,4,1,agent,4,55,37,108,200
Base,Minimax,4,2,opponent,0,4,3,193,200
Base,Minimax,4,2,opponent,1,5,8,187,200
Base,Minimax,4,2,opponent,2,6,12,182,200
Base,Minimax,4,2,opponent,3,3,9,188,200
Base,Minimax,4,2,opponent,4,3,13,184,200
Improved,Random,0,1,agent,0,199,1,0,200
Improved,Random,0,1,agent,1,198,2,0,200
Improved,Random,0,1,agent,2,197,3,0,200
Improved,Random,0,1,agent,3,199,1,0,200
Improved,Random,0,1,agent,4,199,1,0,200
Improved,Random,0,2,opponent,0,180,20,0,200
Improved,Random,0,2,opponent,1,182,18,0,200
Improved,Random,0,2,opponent,2,186,14,0,200
Improved,Random,0,2,opponent,3,187,13,0,200
Improved,Random,0,2,opponent,4,185,15,0,200
Improved,Random,2,1,agent,0,196,4,0,200
Improved,Random,2,1,agent,1,196,4,0,200
Improved,Random,2,1,agent,2,199,1,0,200
Improved,Random,2,1,agent,3,198,2,0,200
Improved,Random,2,1,agent,4,199,1,0,200
Improved,Random,2,2,opponent,0,146,25,29,200
Improved,Random,2,2,opponent,1,144,24,32,200
Improved,Random,2,2,opponent,2,161,20,19,200
Improved,Random,2,2,opponent,3,154,23,23,200
Improved,Random,2,2,opponent,4,153,16,31,200
Improved,Random,4,1,agent,0,189,9,2,200
Improved,Random,4,1,agent,1,173,19,8,200
Improved,Random,4,1,agent,2,182,11,7,200
Improved,Random,4,1,agent,3,185,13,2,200
Improved,Random,4,1,agent,4,175,10,15,200
Improved,Random,4,2,opponent,0,121,25,54,200
Improved,Random,4,2,opponent,1,115,34,51,200
Improved,Random,4,2,opponent,2,116,34,50,200
Improved,Random,4,2,opponent,3,113,32,55,200
Improved,Random,4,2,opponent,4,119,36,45,200
Improved,Algorithm,0,1,agent,0,0,200,0,200
Improved,Algorithm,0,1,agent,1,0,200,0,200
Improved,Algorithm,0,1,agent,2,0,200,0,200
Improved,Algorithm,0,1,agent,3,0,200,0,200
Improved,Algorithm,0,1,agent,4,0,200,0,200
Improved,Algorithm,0,2,opponent,0,0,200,0,200
Improved,Algorithm,0,2,opponent,1,0,200,0,200
Improved,Algorithm,0,2,opponent,2,0,200,0,200
Improved,Algorithm,0,2,opponent,3,0,200,0,200
Improved,Algorithm,0,2,opponent,4,0,200,0,200
Improved,Algorithm,2,1,agent,0,121,79,0,200
Improved,Algorithm,2,1,agent,1,114,86,0,200
Improved,Algorithm,2,1,agent,2,119,81,0,200
Improved,Algorithm,2,1,agent,3,112,88,0,200
Improved,Algorithm,2,1,agent,4,121,79,0,200
Improved,Algorithm,2,2,opponent,0,33,69,98,200
Improved,Algorithm,2,2,opponent,1,26,66,108,200
Improved,Algorithm,2,2,opponent,2,33,64,103,200
Improved,Algorithm,2,2,opponent,3,22,68,110,200
Improved,Algorithm,2,2,opponent,4,29,77,94,200
Improved,Algorithm,4,1,agent,0,130,50,20,200
Improved,Algorithm,4,1,agent,1,137,40,23,200
Improved,Algorithm,4,1,agent,2,135,42,23,200
Improved,Algorithm,4,1,agent,3,128,54,18,200
Improved,Algorithm,4,1,agent,4,130,44,26,200
Improved,Algorithm,4,2,opponent,0,11,46,143,200
Improved,Algorithm,4,2,opponent,1,17,46,137,200
Improved,Algorithm,4,2,opponent,2,11,45,144,200
Improved,Algorithm,4,2,opponent,3,20,55,125,200
Improved,Algorithm,4,2,opponent,4,22,42,136,200
Improved,Minimax,0,1,agent,0,0,200,0,200
Improved,Minimax,0,1,agent,1,0,200,0,200
Improved,Minimax,0,1,agent,2,0,200,0,200
Improved,Minimax,0,1,agent,3,0,200,0,200
Improved,Minimax,0,1,agent,4,0,200,0,200
Improved,Minimax,0,2,opponent,0,0,200,0,200
Improved,Minimax,0,2,opponent,1,0,200,0,200
Improved,Minimax,0,2,opponent,2,0,200,0,200
Improved,Minimax,0,2,opponent,3,0,200,0,200
Improved,Minimax,0,2,opponent,4,0,200,0,200
Improved,Minimax,2,1,agent,0,115,85,0,200
Improved,Minimax,2,1,agent,1,110,90,0,200
Improved,Minimax,2,1,agent,2,116,84,0,200
Improved,Minimax,2,1,agent,3,112,88,0,200
Improved,Minimax,2,1,agent,4,114,86,0,200
Improved,Minimax,2,2,opponent,0,0,37,163,200
Improved,Minimax,2,2,opponent,1,0,33,167,200
Improved,Minimax,2,2,opponent,2,0,35,165,200
Improved,Minimax,2,2,opponent,3,0,46,154,200
Improved,Minimax,2,2,opponent,4,0,42,158,200
Improved,Minimax,4,1,agent,0,126,55,19,200
Improved,Minimax,4,1,agent,1,131,39,30,200
Improved,Minimax,4,1,agent,2,129,48,23,200
Improved,Minimax,4,1,agent,3,130,51,19,200
Improved,Minimax,4,1,agent,4,121,51,28,200
Improved,Minimax,4,2,opponent,0,6,26,168,200
Improved,Minimax,4,2,opponent,1,9,36,155,200
Improved,Minimax,4,2,opponent,2,13,28,159,200
Improved,Minimax,4,2,opponent,3,9,35,156,200
Improved,Minimax,4,2,opponent,4,12,41,147,200
DQN,Random,0,1,agent,0,177,12,11,200
DQN,Random,0,1,agent,1,178,9,13,200
DQN,Random,0,1,agent,2,184,5,11,200
DQN,Random,0,1,agent,3,177,12,11,200
DQN,Random,0,1,agent,4,181,9,10,200
DQN,Random,0,2,opponent,0,153,21,26,200
DQN,Random,0,2,opponent,1,159,14,27,200
DQN,Random,0,2,opponent,2,161,20,19,200
DQN,Random,0,2,opponent,3,173,11,16,200
DQN,Random,0,2,opponent,4,164,21,15,200
DQN,Random,2,1,agent,0,142,31,27,200
DQN,Random,2,1,agent,1,158,25,17,200
DQN,Random,2,1,agent,2,150,21,29,200
DQN,Random,2,1,agent,3,161,22,17,200
DQN,Random,2,1,agent,4,159,29,12,200
DQN,Random,2,2,opponent,0,127,18,55,200
DQN,Random,2,2,opponent,1,124,26,50,200
DQN,Random,2,2,opponent,2,127,22,51,200
DQN,Random,2,2,opponent,3,110,39,51,200
DQN,Random,2,2,opponent,4,120,30,50,200
DQN,Random,4,1,agent,0,158,23,19,200
DQN,Random,4,1,agent,1,159,23,18,200
DQN,Random,4,1,agent,2,150,26,24,200
DQN,Random,4,1,agent,3,138,36,26,200
DQN,Random,4,1,agent,4,141,27,32,200
DQN,Random,4,2,opponent,0,103,21,76,200
DQN,Random,4,2,opponent,1,93,35,72,200
DQN,Random,4,2,opponent,2,103,17,80,200
DQN,Random,4,2,opponent,3,97,30,73,200
DQN,Random,4,2,opponent,4,92,31,77,200
DQN,Algorithm,0,1,agent,0,0,200,0,200
DQN,Algorithm,0,1,agent,1,0,200,0,200
DQN,Algorithm,0,1,agent,2,0,200,0,200
DQN,Algorithm,0,1,agent,3,0,200,0,200
DQN,Algorithm,0,1,agent,4,0,200,0,200
DQN,Algorithm,0,2,opponent,0,0,0,200,200
DQN,Algorithm,0,2,opponent,1,0,0,200,200
DQN,Algorithm,0,2,opponent,2,0,0,200,200
DQN,Algorithm,0,2,opponent,3,0,0,200,200
DQN,Algorithm,0,2,opponent,4,0,0,200,200
DQN,Algorithm,2,1,agent,0,24,94,82,200
DQN,Algorithm,2,1,agent,1,27,97,76,200
DQN,Algorithm,2,1,agent,2,25,91,84,200
DQN,Algorithm,2,1,agent,3,23,99,78,200
DQN,Algorithm,2,1,agent,4,34,93,73,200
DQN,Algorithm,2,2,opponent,0,1,67,132,200
DQN,Algorithm,2,2,opponent,1,4,53,143,200
DQN,Algorithm,2,2,opponent,2,3,49,148,200
DQN,Algorithm,2,2,opponent,3,1,62,137,200
DQN,Algorithm,2,2,opponent,4,4,77,119,200
DQN,Algorithm,4,1,agent,0,75,69,56,200
DQN,Algorithm,4,1,agent,1,69,71,60,200
DQN,Algorithm,4,1,agent,2,70,58,72,200
DQN,Algorithm,4,1,agent,3,65,73,62,200
DQN,Algorithm,4,1,agent,4,70,73,57,200
DQN,Algorithm,4,2,opponent,0,10,40,150,200
DQN,Algorithm,4,2,opponent,1,5,46,149,200
DQN,Algorithm,4,2,opponent,2,5,34,161,200
DQN,Algorithm,4,2,opponent,3,5,43,152,200
DQN,Algorithm,4,2,opponent,4,11,35,154,200
DQN,Minimax,0,1,agent,0,0,84,116,200
DQN,Minimax,0,1,agent,1,0,102,98,200
DQN,Minimax,0,1,agent,2,0,102,98,200
DQN,Minimax,0,1,agent,3,0,80,120,200
DQN,Minimax,0,1,agent,4,0,90,110,200
DQN,Minimax,0,2,opponent,0,0,84,116,200
DQN,Minimax,0,2,opponent,1,0,85,115,200
DQN,Minimax,0,2,opponent,2,0,92,108,200
DQN,Minimax,0,2,opponent,3,0,88,112,200
DQN,Minimax,0,2,opponent,4,0,80,120,200
DQN,Minimax,2,1,agent,0,39,68,93,200
DQN,Minimax,2,1,agent,1,38,78,84,200
DQN,Minimax,2,1,agent,2,39,70,91,200
DQN,Minimax,2,1,agent,3,29,79,92,200
DQN,Minimax,2,1,agent,4,41,68,91,200
DQN,Minimax,2,2,opponent,0,0,29,171,200
DQN,Minimax,2,2,opponent,1,0,22,178,200
DQN,Minimax,2,2,opponent,2,0,22,178,200
DQN,Minimax,2,2,opponent,3,0,26,174,200
DQN,Minimax,2,2,opponent,4,0,31,169,200
DQN,Minimax,4,1,agent,0,95,60,45,200
DQN,Minimax,4,1,agent,1,84,59,57,200
DQN,Minimax,4,1,agent,2,69,49,82,200
DQN,Minimax,4,1,agent,3,83,61,56,200
DQN,Minimax,4,1,agent,4,75,63,62,200
DQN,Minimax,4,2,opponent,0,5,23,172,200
DQN,Minimax,4,2,opponent,1,10,26,164,200
DQN,Minimax,4,2,opponent,2,8,13,179,200
DQN,Minimax,4,2,opponent,3,9,22,169,200
DQN,Minimax,4,2,opponent,4,6,27,167,200
SARSA,Random,0,1,agent,0,181,11,8,200
SARSA,Random,0,1,agent,1,183,11,6,200
SARSA,Random,0,1,agent,2,184,9,7,200
SARSA,Random,0,1,agent,3,187,9,4,200
SARSA,Random,0,1,agent,4,181,13,6,200
SARSA,Random,0,2,opponent,0,119,21,60,200
SARSA,Random,0,2,opponent,1,133,24,43,200
SARSA,Random,0,2,opponent,2,136,27,37,200
SARSA,Random,0,2,opponent,3,122,24,54,200
SARSA,Random,0,2,opponent,4,130,28,42,200
SARSA,Random,2,1,agent,0,142,24,34,200
SARSA,Random,2,1,agent,1,152,26,22,200
SARSA,Random,2,1,agent,2,145,23,32,200
SARSA,Random,2,1,agent,3,144,29,27,200
SARSA,Random,2,1,agent,4,136,29,35,200
SARSA,Random,2,2,opponent,0,103,27,70,200
SARSA,Random,2,2,opponent,1,111,21,68,200
SARSA,Random,2,2,opponent,2,93,37,70,200
SARSA,Random,2,2,opponent,3,105,34,61,200
SARSA,Random,2,2,opponent,4,100,31,69,200
SARSA,Random,4,1,agent,0,135,32,33,200
SARSA,Random,4,1,agent,1,145,22,33,200
SARSA,Random,4,1,agent,2,140,23,37,200
SARSA,Random,4,1,agent,3,144,23,33,200
SARSA,Random,4,1,agent,4,136,14,50,200
SARSA,Random,4,2,opponent,0,91,27,82,200
SARSA,Random,4,2,opponent,1,94,40,66,200
SARSA,Random,4,2,opponent,2,90,25,85,200
SARSA,Random,4,2,opponent,3,78,38,84,200
SARSA,Random,4,2,opponent,4,83,33,84,200
SARSA,Algorithm,0,1,agent,0,0,142,58,200
SARSA,Algorithm,0,1,agent,1,0,146,54,200
SARSA,Algorithm,0,1,agent,2,0,156,44,200
SARSA,Algorithm,0,1,agent,3,0,124,76,200
SARSA,Algorithm,0,1,agent,4,0,150,50,200
SARSA,Algorithm,0,2,opponent,0,0,0,200,200
SARSA,Algorithm,0,2,opponent,1,0,0,200,200
SARSA,Algorithm,0,2,opponent,2,0,0,200,200
SARSA,Algorithm,0,2,opponent,3,0,0,200,200
SARSA,Algorithm,0,2,opponent,4,0,0,200,200
SARSA,Algorithm,2,1,agent,0,29,62,109,200
SARSA,Algorithm,2,1,agent,1,28,76,96,200
SARSA,Algorithm,2,1,agent,2,30,71,99,200
SARSA,Algorithm,2,1,agent,3,19,59,122,200
SARSA,Algorithm,2,1,agent,4,22,52,126,200
SARSA,Algorithm,2,2,opponent,0,5,27,168,200
SARSA,Algorithm,2,2,opponent,1,3,17,180,200
SARSA,Algorithm,2,2,opponent,2,7,19,174,200
SARSA,Algorithm,2,2,opponent,3,3,21,176,200
SARSA,Algorithm,2,2,opponent,4,0,22,178,200
SARSA,Algorithm,4,1,agent,0,69,38,93,200
SARSA,Algorithm,4,1,agent,1,71,46,83,200
SARSA,Algorithm,4,1,agent,2,65,47,88,200
SARSA,Algorithm,4,1,agent,3,69,46,85,200
SARSA,Algorithm,4,1,agent,4,54,53,93,200
SARSA,Algorithm,4,2,opponent,0,8,32,160,200
SARSA,Algorithm,4,2,opponent,1,8,37,155,200
SARSA,Algorithm,4,2,opponent,2,3,30,167,200
SARSA,Algorithm,4,2,opponent,3,6,39,155,200
SARSA,Algorithm,4,2,opponent,4,8,37,155,200
SARSA,Minimax,0,1,agent,0,0,142,58,200
SARSA,Minimax,0,1,agent,1,0,146,54,200
SARSA,Minimax,0,1,agent,2,0,156,44,200
SARSA,Minimax,0,1,agent,3,0,124,76,200
SARSA,Minimax,0,1,agent,4,0,150,50,200
SARSA,Minimax,0,2,opponent,0,0,29,171,200
SARSA,Minimax,0,2,opponent,1,0,22,178,200
SARSA,Minimax,0,2,opponent,2,0,15,185,200
SARSA,Minimax,0,2,opponent,3,0,25,175,200
SARSA,Minimax,0,2,opponent,4,0,23,177,200
SARSA,Minimax,2,1,agent,0,51,57,92,200
SARSA,Minimax,2,1,agent,1,41,59,100,200
SARSA,Minimax,2,1,agent,2,50,57,93,200
SARSA,Minimax,2,1,agent,3,31,75,94,200
SARSA,Minimax,2,1,agent,4,38,65,97,200
SARSA,Minimax,2,2,opponent,0,0,20,180,200
SARSA,Minimax,2,2,opponent,1,0,13,187,200
SARSA,Minimax,2,2,opponent,2,0,18,182,200
SARSA,Minimax,2,2,opponent,3,0,19,181,200
SARSA,Minimax,2,2,opponent,4,0,19,181,200
SARSA,Minimax,4,1,agent,0,69,33,98,200
SARSA,Minimax,4,1,agent,1,82,42,76,200
SARSA,Minimax,4,1,agent,2,67,41,92,200
SARSA,Minimax,4,1,agent,3,72,43,85,200
SARSA,Minimax,4,1,agent,4,62,49,89,200
SARSA,Minimax,4,2,opponent,0,7,21,172,200
SARSA,Minimax,4,2,opponent,1,10,19,171,200
SARSA,Minimax,4,2,opponent,2,7,12,181,200
SARSA,Minimax,4,2,opponent,3,9,18,173,200
SARSA,Minimax,4,2,opponent,4,9,19,172,200
